{"stats":{"minecraft:custom":{"minecraft:time_since_rest":176027,"minecraft:sprint_one_cm":35458,"minecraft:walk_one_cm":298629,"minecraft:interact_with_anvil":2,"minecraft:mob_kills":1,"minecraft:drop":20,"minecraft:damage_dealt":20,"minecraft:fly_one_cm":177276,"minecraft:crouch_one_cm":586,"minecraft:play_time":176027,"minecraft:sneak_time":2143,"minecraft:walk_under_water_one_cm":1214,"minecraft:jump":399,"minecraft:leave_game":9,"minecraft:walk_on_water_one_cm":2788,"minecraft:time_since_death":176027,"minecraft:total_world_time":207914},"minecraft:used":{"minecraft:glass":142,"minecraft:water_bucket":23,"minecraft:lever":8,"create:display_link":78,"create:wrench":192,"minecraft:red_concrete":62,"minecraft:oak_sign":5,"create:water_wheel":9,"minecraft:sandstone":57,"create:cuckoo_clock":6,"minecraft:polished_granite":2,"create:andesite_casing":3,"create:creative_motor":15,"create:blaze_burner":11,"create:turntable":2,"create:fluid_tank":67,"minecraft:soul_sand":6,"create:mechanical_pump":38,"create:shaft":59,"create:steam_engine":11,"create:cogwheel":176,"minecraft:porkchop":4,"create:stressometer":7,"create:clutch":3,"create:fluid_pipe":92,"create:display_board":114,"create:hand_crank":13,"create:vertical_gearbox":7,"create:redstone_link":8,"create:speedometer":69,"create:belt_connector":2,"create:large_cogwheel":62},"minecraft:dropped":{"minecraft:water_bucket":1,"create:extendo_grip":4,"create:wrench":5,"create:display_board":1,"create:goggles":7,"create:creative_blaze_cake":1,"minecraft:polished_granite":1},"minecraft:picked_up":{"create:creative_blaze_cake":1,"minecraft:water_bucket":1,"minecraft:leather":2,"minecraft:lead":2,"create:wrench":5,"minecraft:porkchop":3,"create:hand_crank":5,"create:display_board":1,"create:extendo_grip":4,"minecraft:polished_granite":1,"create:large_cogwheel":14,"create:redstone_link":1,"minecraft:oak_sign":1,"minecraft:lever":2,"create:goggles":7,"create:shaft":2,"create:speedometer":51}},"DataVersion":2975}